{
    "particles": {
        "number": {
            "value": 300
        },
        "shape": {
            "type": "circle",
            "stroke": {
                "width": 0,
                "color": "#ffffff"
            }
        },
        "opacity": {
            "value": 1,
            "random": false,
            "anim": {
                "enable": false,
                "speed": 1
            }
        },
        "size": {
            "value": 3,
            "random": false,
            "anim": {
                "enable": true,
                "size_min": 0.5,
                "speed": 10
            }
        },
        "line_linked": {
            "enable": true,
            "distance": 100,
            "color": "#ffffff",
            "opacity": 0.5,
            "width": 1
        },
        "move": {
            "enable": true,
            "speed": 1,
            "direction": "none",
            "straight": false
        }
    },
    "interactivity": {
        "events": {
            "onhover": {
                "enable": true,
                "mode": ["grab", "bubble"]

            },
            "onclick": {
                "enable": true,
                "mode": "push"
            }
        },
        "modes": {
            "grab": {
                "distance": 100,
                "duration": 0.4
            },
            "bubble": {
                "distance": 100,
                "size": 10,
                "duration": 2,
                "opacity": 0.5,
                "speed": 3
            }
        }
    }
}